"","Date","PlotID","CH4Flux","FishTreatment","BirdTreatment","treatment","StudyYear","SamplingOccasion","logFlux","MeanDepth","PO4","Date.y","GravH2O","NH4","NO3","Redox","SoilTemp","Daphnia","ElapsedDays","ElapsedDays2","MeanTemp","MeanDO","Pre_Post"
"1",2024-10-02,"1C",0.331945,"Fish","Birds","Birds Fish","Year2","2024-10-02",-1.10278598643982,NA,3.79,"10/2/2024",0.16,2.57,1.18,NA,NA,NA,1,1,NA,NA,"Pre"
"2",2024-10-02,"1E",0.79226,"Fish","NoBirds","NoBirds Fish","Year2","2024-10-02",-0.232865658212446,NA,4.37,"10/2/2024",0.14,1.89,0.83,NA,NA,NA,1,1,NA,NA,"Pre"
"3",2024-10-02,"2C",0.30426,"NoFish","Birds","Birds NoFish","Year2","2024-10-02",-1.18987267994715,NA,2.7,"10/2/2024",0.14,1.67,1.02,NA,NA,NA,1,1,NA,NA,"Pre"
"4",2024-10-02,"2E",0.854615,"NoFish","NoBirds","NoBirds NoFish","Year2","2024-10-02",-0.157104203855104,NA,4.8,"10/2/2024",0.1,3.31,0.09,NA,NA,NA,1,1,NA,NA,"Pre"
"5",2024-10-02,"3C",0.976785,"NoFish","Birds","Birds NoFish","Year2","2024-10-02",-0.023488712568907,NA,3.43,"10/2/2024",0.19,2.96,0.65,NA,NA,NA,1,1,NA,NA,"Pre"
"6",2024-10-02,"3E",1.24706,"NoFish","NoBirds","NoBirds NoFish","Year2","2024-10-02",0.220788781017532,NA,3.64,"10/2/2024",0.15,1.93,0.59,NA,NA,NA,1,1,NA,NA,"Pre"
"7",2024-10-02,"4C",0.74333,"Fish","Birds","Birds Fish","Year2","2024-10-02",-0.29661518751107,NA,3.17,"10/2/2024",0.16,1.89,0.13,NA,NA,NA,1,1,NA,NA,"Pre"
"8",2024-10-02,"4E",0.758205,"Fish","NoBirds","NoBirds Fish","Year2","2024-10-02",-0.276801481355569,NA,5.2,"10/2/2024",0.12,4.34,0.03,NA,NA,NA,1,1,NA,NA,"Pre"
"9",2024-10-02,"5C",0.999455,"NoFish","Birds","Birds NoFish","Year2","2024-10-02",-0.000545148566481625,NA,4.98,"10/2/2024",0.15,1.7,0,NA,NA,NA,1,1,NA,NA,"Pre"
"10",2024-10-02,"5E",0.44352,"NoFish","NoBirds","NoBirds NoFish","Year2","2024-10-02",-0.813012382420653,NA,3.9,"10/2/2024",0.14,1.67,0,NA,NA,NA,1,1,NA,NA,"Pre"
"11",2024-10-02,"6C",0.907035,"Fish","Birds","Birds Fish","Year2","2024-10-02",-0.0975742408573927,NA,5.38,"10/2/2024",0.18,1.68,0.44,NA,NA,NA,1,1,NA,NA,"Pre"
"12",2024-10-02,"6E",0.429065,"Fish","NoBirds","NoBirds Fish","Year2","2024-10-02",-0.846146856379866,NA,4.87,"10/2/2024",0.17,1.73,0.13,NA,NA,NA,1,1,NA,NA,"Pre"
"13",2024-10-02,"7C",0.45576,"Fish","Birds","Birds Fish","Year2","2024-10-02",-0.785788923809997,NA,6.32,"10/2/2024",0.2,0.33,0.1,NA,NA,NA,1,1,NA,NA,"Pre"
"14",2024-10-02,"7E",1.30027,"Fish","NoBirds","NoBirds Fish","Year2","2024-10-02",0.262571935210122,NA,7.05,"10/2/2024",0.19,1.36,0.58,NA,NA,NA,1,1,NA,NA,"Pre"
"15",2024-10-02,"8C",0.6975,"NoFish","Birds","Birds NoFish","Year2","2024-10-02",-0.360252765286616,NA,8.39,"10/2/2024",0.2,1.54,1.19,NA,NA,NA,1,1,NA,NA,"Pre"
"16",2024-10-02,"8E",1.21243,"NoFish","NoBirds","NoBirds NoFish","Year2","2024-10-02",0.192626610204185,NA,5.64,"10/2/2024",0.21,2.66,0.49,NA,NA,NA,1,1,NA,NA,"Pre"
"17",2024-10-29,"1C",12.56641,"Fish","Birds","Birds Fish","Year2","2024-10-29",2.53102738117409,15.24,NA,"10/29/2024",0.28,1.95,0.57,NA,NA,NA,28,784,16.7381818181818,6.78363636363636,"Pre"
"18",2024-10-29,"1E",2.362975,"Fish","NoBirds","NoBirds Fish","Year2","2024-10-29",0.859921418377328,15.24,NA,"10/29/2024",0.37,1.13,0.53,NA,NA,NA,28,784,17.0818181818182,6.52636363636364,"Pre"
"19",2024-10-29,"2C",6.839925,"NoFish","Birds","Birds NoFish","Year2","2024-10-29",1.92277676666206,17.78,NA,"10/29/2024",0.33,0.94,1.56,NA,NA,NA,28,784,16.6945454545455,7.76818181818182,"Pre"
"20",2024-10-29,"2E",5.05423,"NoFish","NoBirds","NoBirds NoFish","Year2","2024-10-29",1.62022551643863,17.78,NA,"10/29/2024",0.38,6.12,0,NA,NA,NA,28,784,16.6090909090909,7.60181818181818,"Pre"
"21",2024-10-29,"3C",29.09128,"NoFish","Birds","Birds NoFish","Year2","2024-10-29",3.37043847291412,21.59,NA,"10/29/2024",NA,NA,NA,NA,NA,NA,28,784,16.37,7.58136363636364,"Pre"
"22",2024-10-29,"3E",5.9329,"NoFish","NoBirds","NoBirds NoFish","Year2","2024-10-29",1.78051313225497,15.24,NA,"10/29/2024",0.38,0.45,0.59,NA,NA,NA,28,784,16.8654545454545,7.29090909090909,"Pre"
"23",2024-10-29,"4C",269.35357,"Fish","Birds","Birds Fish","Year2","2024-10-29",5.59602490316902,25.4,NA,"10/29/2024",0.39,0.72,0.12,38.65,NA,NA,28,784,16.5872727272727,7.47818181818182,"Pre"
"24",2024-10-29,"4E",12.17858,"Fish","NoBirds","NoBirds Fish","Year2","2024-10-29",2.49967867092038,20.32,NA,"10/29/2024",0.42,2.7,4.52,NA,NA,NA,28,784,16.4127272727273,7.49,"Pre"
"25",2024-10-29,"5C",41.71113,"NoFish","Birds","Birds NoFish","Year2","2024-10-29",3.73076799966638,21.59,NA,"10/29/2024",0.38,0.13,0.87,86.5,NA,NA,28,784,16.3963636363636,7.20636363636364,"Pre"
"26",2024-10-29,"5E",6.38858,"NoFish","NoBirds","NoBirds NoFish","Year2","2024-10-29",1.8545120214722,20.32,NA,"10/29/2024",0.35,1.21,0.81,95.15,NA,NA,28,784,16.8490909090909,7.06454545454545,"Pre"
"27",2024-10-29,"6C",7.8127,"Fish","Birds","Birds Fish","Year2","2024-10-29",2.05575061473485,22.86,NA,"10/29/2024",0.35,1.4,0.6,NA,NA,NA,28,784,16.7,7.78545454545455,"Pre"
"28",2024-10-29,"6E",22.352815,"Fish","NoBirds","NoBirds Fish","Year2","2024-10-29",3.10695226391144,17.78,NA,"10/29/2024",0.34,2.3,0.11,NA,NA,NA,28,784,16.4472727272727,7.23818181818182,"Pre"
"29",2024-10-29,"8E",7.559405,"NoFish","NoBirds","NoBirds NoFish","Year2","2024-10-29",2.02279248339044,10.16,NA,"10/29/2024",0.36,2.36,0.61,60.53333333,NA,NA,28,784,16.3618181818182,5.72727272727273,"Pre"
"30",2024-11-13,"1C",49.28033,"Fish","Birds","Birds Fish","Year2","2024-11-13",3.89752501563141,24.13,3.68,"11/13/2024",0.37,3.45,0.3,-52.2,12.9,4226.625777,43,1849,11.4716666666667,9.00833333333333,"Pre"
"31",2024-11-13,"1E",496.928635,"Fish","NoBirds","NoBirds Fish","Year2","2024-11-13",6.20844642423708,28.575,2.88,"11/13/2024",0.28,6.94,0.06,-60.8,12.9,18724.93513,43,1849,11.5708333333333,9.00375,"Pre"
"32",2024-11-13,"2C",310.101685,"NoFish","Birds","Birds NoFish","Year2","2024-11-13",5.7369002598227,22.225,2.56,"11/13/2024",0.35,3.58,0.07,-46.2,12.7,3243.68955,43,1849,11.4241666666667,10.1020833333333,"Pre"
"33",2024-11-13,"2E",29.851465,"NoFish","NoBirds","NoBirds NoFish","Year2","2024-11-13",3.39623391736126,25.4,3.57,"11/13/2024",0.37,3.22,0.16,-7.1,12.2,1562.868601,43,1849,11.5133333333333,9.73875,"Pre"
"34",2024-11-13,"3C",24.32143,"NoFish","Birds","Birds NoFish","Year2","2024-11-13",3.19135785471146,21.59,3.57,"11/13/2024",0.36,2.86,0.02,-57.6,12.6,7630.042463,43,1849,11.3995833333333,9.77479166666667,"Pre"
"35",2024-11-13,"3E",10342.87505,"NoFish","NoBirds","NoBirds NoFish","Year2","2024-11-13",9.24405316067059,24.13,2.48,"11/13/2024",0.33,3.06,0.11,-36.9,12.9,8797.279233,43,1849,11.5416666666667,9.60625,"Pre"
"36",2024-11-13,"4C",80.939125,"Fish","Birds","Birds Fish","Year2","2024-11-13",4.39369732891239,22.86,2.59,"11/13/2024",0.37,4.32,0.02,-86.4,12.7,2663.757175,43,1849,11.5,9.75083333333333,"Pre"
"37",2024-11-13,"4E",4038.7549,"Fish","NoBirds","NoBirds Fish","Year2","2024-11-13",8.30369173038464,25.146,3.93,"11/13/2024",0.37,3.72,0.02,-98.5,12.7,4914.681135,43,1849,11.4341666666667,10.045,"Pre"
"38",2024-11-13,"5C",229.11084,"NoFish","Birds","Birds NoFish","Year2","2024-11-13",5.43420590392282,27.94,4.44,"11/13/2024",0.37,4.1,0.02,-30.9,12.5,417.7478966,43,1849,11.4675,9.21666666666667,"Pre"
"39",2024-11-13,"5E",12.056865,"NoFish","NoBirds","NoBirds NoFish","Year2","2024-11-13",2.48963420725736,24.765,3.46,"11/13/2024",0.34,2.33,0.02,-23.7,12.5,9780.215459,43,1849,11.5733333333333,9.35791666666667,"Pre"
"40",2024-11-13,"6C",81.600975,"Fish","Birds","Birds Fish","Year2","2024-11-13",4.40184121042809,27.305,5.89,"11/13/2024",0.34,8.1,0.02,-39.2,13,5971.337579,43,1849,11.5141666666667,10.2691666666667,"Pre"
"41",2024-11-13,"6E",3847.01399,"Fish","NoBirds","NoBirds Fish","Year2","2024-11-13",8.25505253934563,22.225,4.87,"11/13/2024",0.35,4,0.02,-26.4,13,7040.280726,43,1849,11.405,9.38375,"Pre"
"42",2024-11-13,"7C",4937.3929,"Fish","Birds","Birds Fish","Year2","2024-11-13",8.50459271783488,19.685,4.37,"11/13/2024",0.37,3.74,0.02,-25.7,12.5,457.0653456,43,1849,11.4183333333333,9.22791666666667,"Pre"
"43",2024-11-13,"7E",11.719645,"Fish","NoBirds","NoBirds Fish","Year2","2024-11-13",2.46126649358772,24.13,4.87,"11/13/2024",0.38,4.67,0.02,-28.9,12.5,7224.581269,43,1849,11.5941666666667,9.44875,"Pre"
"44",2024-11-13,"8C",31.245525,"NoFish","Birds","Birds NoFish","Year2","2024-11-13",3.44187616592831,28.575,6.51,"11/13/2024",0.34,6.99,0.02,20.3,12.3,3092.153548,43,1849,11.43,8.10291666666667,"Pre"
"45",2024-11-13,"8E",15.672895,"NoFish","NoBirds","NoBirds NoFish","Year2","2024-11-13",2.75193278723011,13.335,5.53,"11/13/2024",0.36,10.77,0.02,3.9,12.6,2539.25192,43,1849,11.5166666666667,7.21791666666667,"Pre"
"46",2024-11-26,"1C",3.814455,"Fish","Birds","Birds Fish","Year2","2024-11-26",1.33879779738851,24.13,NA,"11/26/2024",0.35,3.23,0.02,-75.1,12.3,2531.060785,56,3136,12.4258333333333,9.35166666666667,"Pre"
"47",2024-11-26,"1E",139.15041,"Fish","NoBirds","NoBirds Fish","Year2","2024-11-26",4.93555543442821,28.575,NA,"11/26/2024",0.35,2.15,0.02,-102.4,12.4,15739.26633,56,3136,12.4575,9.30791666666667,"Pre"
"48",2024-11-26,"2C",7.68325,"NoFish","Birds","Birds NoFish","Year2","2024-11-26",2.03904263472874,22.225,NA,"11/26/2024",0.32,2.08,0.14,-71.9,12.3,11844.38154,56,3136,12.5466666666667,10.1345833333333,"Pre"
"49",2024-11-26,"2E",3.9739,"NoFish","NoBirds","NoBirds NoFish","Year2","2024-11-26",1.37974798024986,25.4,NA,"11/26/2024",0.84,5.12,0.02,-98.3,12.1,880.5470368,56,3136,12.4016666666667,9.03083333333333,"Pre"
"50",2024-11-26,"3C",33.13442,"NoFish","Birds","Birds NoFish","Year2","2024-11-26",3.5005726212373,21.59,NA,"11/26/2024",0.35,1.02,0.02,-77.9,12.2,1945.394616,56,3136,12.5258333333333,9.69458333333333,"Pre"
"51",2024-11-26,"3E",2088.31546,"NoFish","NoBirds","NoBirds NoFish","Year2","2024-11-26",7.64411301996622,24.13,NA,"11/26/2024",0.81,8.82,0.02,-94.8,12.4,4005.465125,56,3136,12.4866666666667,9.82125,"Pre"
"52",2024-11-26,"4C",6250.818275,"Fish","Birds","Birds Fish","Year2","2024-11-26",8.74046765816065,22.86,NA,"11/26/2024",0.38,3.84,0.02,-50.8,12.6,8895.572856,56,3136,12.5316666666667,9.90625,"Pre"
"53",2024-11-26,"5C",3885.77455,"NoFish","Birds","Birds NoFish","Year2","2024-11-26",8.26507761229969,27.94,NA,"11/26/2024",0.37,2.63,0.02,-132.4,12.5,1898.295589,56,3136,12.5016666666667,9.90875,"Pre"
"54",2024-11-26,"6C",405.478465,"Fish","Birds","Birds Fish","Year2","2024-11-26",6.00506776487026,27.305,NA,"11/26/2024",0.37,3.17,0.02,-39,12.6,2496.658017,56,3136,12.5241666666667,10.4083333333333,"Pre"
"55",2024-11-26,"6E",260.9463,"Fish","NoBirds","NoBirds Fish","Year2","2024-11-26",5.56431463902741,22.225,NA,"11/26/2024",0.37,4.79,0.02,-106.7,12.5,1887.237556,56,3136,12.4175,9.33791666666667,"Pre"
"56",2024-11-26,"7C",321.877275,"Fish","Birds","Birds Fish","Year2","2024-11-26",5.77417033935419,19.685,NA,"11/26/2024",0.36,3.52,0.02,-15.2,12.4,3784.304474,56,3136,12.4308333333333,9.96791666666667,"Pre"
"57",2024-11-26,"7E",1085.04014,"Fish","NoBirds","NoBirds Fish","Year2","2024-11-26",6.98937226068195,24.13,NA,"11/26/2024",0.97,120.29,0.02,-90.3,12.4,3501.710309,56,3136,12.4708333333333,6.55208333333333,"Pre"
"58",2024-11-26,"8E",5.69616,"NoFish","NoBirds","NoBirds NoFish","Year2","2024-11-26",1.7397922636028,13.335,NA,"11/26/2024",0.38,9.97,0.02,-99.2,12.2,2094.081528,56,3136,12.4341666666667,0.0508333333333333,"Pre"
"59",2024-12-10,"1C",24.43272,"Fish","Birds","Birds Fish","Year2","2024-12-10",3.19592321759019,26.67,3.46,"12/10/2024",0.33,3.52,0.02,-137.2,11.1,3214.201462,70,4900,8.74,7.34875,"Post"
"60",2024-12-10,"1E",125.61704,"Fish","NoBirds","NoBirds Fish","Year2","2024-12-10",4.83323791362173,22.86,3.61,"12/10/2024",0.34,2.58,0.02,-128.1,10.2,3563.143824,70,4900,9.06666666666667,7.54958333333333,"Post"
"61",2024-12-10,"2C",19.65708,"NoFish","Birds","Birds NoFish","Year2","2024-12-10",2.9784375787644,25.4,3.57,"12/10/2024",0.36,4.79,0.02,-67.2,9.8,430.0345993,70,4900,9.03333333333333,7.68291666666667,"Post"
"62",2024-12-10,"2E",8.30059,"NoFish","NoBirds","NoBirds NoFish","Year2","2024-12-10",2.11632659661353,22.86,5.31,"12/10/2024",0.35,5.59,0.02,-92.5,9.8,1204.096878,70,4900,8.70833333333333,7.90333333333333,"Post"
"63",2024-12-10,"3C",119.856395,"NoFish","Birds","Birds NoFish","Year2","2024-12-10",4.78629431782151,27.94,3.35,"12/10/2024",0.38,5.85,0.02,NA,10.3,1056.656444,70,4900,8.81333333333333,8.25833333333333,"Post"
"64",2024-12-10,"3E",1180.28287,"NoFish","NoBirds","NoBirds NoFish","Year2","2024-12-10",7.07350940907036,21.59,3.17,"12/10/2024",0.32,7.69,0.02,NA,10.3,630.7174124,70,4900,9.00666666666667,8.92666666666667,"Post"
"65",2024-12-10,"4C",531.85475,"Fish","Birds","Birds Fish","Year2","2024-12-10",6.27637042574738,30.48,2.3,"12/10/2024",0.33,3.19,0.02,-98.9,10.2,589.7617363,70,4900,9.18833333333333,8.95291666666667,"Post"
"66",2024-12-10,"4E",154.63577,"Fish","NoBirds","NoBirds Fish","Year2","2024-12-10",5.04107248067184,24.13,3.79,"12/10/2024",0.37,8.43,0.02,-75.2,9.4,2997.955492,70,4900,8.57,8.5525,"Post"
"67",2024-12-10,"5C",1019.94341,"NoFish","Birds","Birds NoFish","Year2","2024-12-10",6.92750242434707,26.67,5.38,"12/10/2024",0.4,6.95,0.02,-80,9.4,688.055359,70,4900,8.72,8.74708333333333,"Post"
"68",2024-12-10,"5E",9.395205,"NoFish","NoBirds","NoBirds NoFish","Year2","2024-12-10",2.24019945274446,27.94,2.41,"12/10/2024",0.34,6.6,0.02,NA,9.4,581.570601,70,4900,8.945,8.91875,"Post"
"69",2024-12-10,"6C",285.73079,"Fish","Birds","Birds Fish","Year2","2024-12-10",5.65505007381844,30.48,5.78,"12/10/2024",0.39,7.08,0.02,-47.1,10.3,712.6287647,70,4900,9.04333333333333,9.49583333333333,"Post"
"70",2024-12-10,"6E",105.68449,"Fish","NoBirds","NoBirds Fish","Year2","2024-12-10",4.66045814606399,25.4,3.86,"12/10/2024",0.37,6.35,0.02,-104.6,10.3,914.1306912,70,4900,8.40833333333333,7.70208333333333,"Post"
"71",2024-12-10,"7C",19.054655,"Fish","Birds","Birds Fish","Year2","2024-12-10",2.94731142867779,30.48,5.56,"12/10/2024",0.36,4.97,0.02,-99.6,11.1,669.6253047,70,4900,8.69916666666667,8.95541666666667,"Post"
"72",2024-12-10,"7E",7.766135,"Fish","NoBirds","NoBirds Fish","Year2","2024-12-10",2.04977261462478,25.4,5.16,"12/10/2024",0.41,6.52,0.02,NA,10.3,495.1541244,70,4900,8.98833333333333,8.91625,"Post"
"73",2024-12-10,"8C",529.32786,"NoFish","Birds","Birds NoFish","Year2","2024-12-10",6.27160801303513,30.48,7.63,"12/10/2024",0.32,1.51,0.02,-79.6,10.8,602.8675526,70,4900,8.665,8.29333333333333,"Post"
"74",2024-12-10,"8E",10.382905,"NoFish","NoBirds","NoBirds NoFish","Year2","2024-12-10",2.34016070370804,15.24,4.98,"12/10/2024",0.4,13.7,0.02,-69.4,11,1012.424314,70,4900,8.33583333333333,6.00541666666667,"Post"
"75",2024-12-22,"1C",12.61067,"Fish","Birds","Birds Fish","Year2","2024-12-22",2.53454328099993,17.78,NA,"12/22/2024",0.39,7.29,0.02,-134.7,NA,2041.482933,82,6724,10.81,8.321875,"Post"
"76",2024-12-22,"1E",18.33331,"Fish","NoBirds","NoBirds Fish","Year2","2024-12-22",2.90871962383628,17.78,NA,"12/22/2024",0.32,4.39,0.02,-119.2,NA,5430.722654,82,6724,11.5916666666667,9.42291666666667,"Post"
"77",2024-12-22,"2C",9.27404,"NoFish","Birds","Birds NoFish","Year2","2024-12-22",2.22721909909346,20.066,NA,"12/22/2024",0.43,10.15,0.02,-53.4,NA,1523.551152,82,6724,11.5525,5.94583333333333,"Post"
"78",2024-12-22,"2E",8.977615,"NoFish","NoBirds","NoBirds NoFish","Year2","2024-12-22",2.19473425683834,19.05,NA,"12/22/2024",0.35,4.57,0.02,-133,NA,2948.808681,82,6724,11.4313043478261,5.92173913043478,"Post"
"79",2024-12-22,"3C",10.61199,"NoFish","Birds","Birds NoFish","Year2","2024-12-22",2.36198449394561,24.13,NA,"12/22/2024",0.38,3.2,0.02,-91.7,NA,1081.22985,82,6724,11.52,9.505,"Post"
"80",2024-12-22,"3E",306.57341,"NoFish","NoBirds","NoBirds NoFish","Year2","2024-12-22",5.72545723730177,17.78,NA,"12/22/2024",0.35,2.29,0.02,-75.6,NA,2604.781002,82,6724,11.515,6.73458333333333,"Post"
"81",2024-12-22,"4C",65.38042,"Fish","Birds","Birds Fish","Year2","2024-12-22",4.1802228252583,25.4,NA,"12/22/2024",0.34,2.49,0.02,-97.5,NA,3085.327602,82,6724,10.8917647058824,9.88588235294118,"Post"
"82",2024-12-22,"4E",66.62645,"Fish","NoBirds","NoBirds Fish","Year2","2024-12-22",4.19910164585144,24.13,NA,"12/22/2024",0.34,12.65,0.02,-101.5,NA,2268.314371,82,6724,11.3983333333333,9.65125,"Post"
"83",2024-12-22,"5C",53.19689,"NoFish","Birds","Birds NoFish","Year2","2024-12-22",3.97399993599221,20.32,NA,"12/22/2024",0.33,7.57,0.02,-65.9,NA,786.3489817,82,6724,11.5658333333333,9.23708333333333,"Post"
"84",2024-12-22,"5E",7.07862,"NoFish","NoBirds","NoBirds NoFish","Year2","2024-12-22",1.95707897345294,19.05,NA,"12/22/2024",0.41,10.38,0.02,-59.4,NA,3735.157663,82,6724,11.5208333333333,9.0075,"Post"
"85",2024-12-22,"6C",232.55988,"Fish","Birds","Birds Fish","Year2","2024-12-22",5.44914774025461,20.32,NA,"12/22/2024",0.28,9.02,0.02,-77.3,NA,614.335142,82,6724,11.5775,10.3866666666667,"Post"
"86",2024-12-22,"6E",565.445756666667,"Fish","NoBirds","NoBirds Fish","Year2","2024-12-22",6.33761436994161,25.4,NA,"12/22/2024",0.38,14.09,0.02,-86.9,NA,807.4119008,82,6724,NA,NA,"Post"
"87",2024-12-22,"7C",11.29472,"Fish","Birds","Birds Fish","Year2","2024-12-22",2.42433535988273,23.495,NA,"12/22/2024",0.4,7.96,0.02,-65.9,NA,1627.988126,82,6724,11.42,9.52291666666667,"Post"
"88",2024-12-22,"7E",48.703465,"Fish","NoBirds","NoBirds Fish","Year2","2024-12-22",3.88575017745484,26.67,NA,"12/22/2024",0.39,7.92,0.02,-59.4,NA,1310.581636,82,6724,11.42,6.93666666666667,"Post"
"89",2024-12-22,"8C",77.3236,"NoFish","Birds","Birds NoFish","Year2","2024-12-22",4.34799921300794,22.86,NA,"12/22/2024",0.35,1.17,0.02,-127.3,NA,1507.91353,82,6724,11.615,5.30083333333333,"Post"
"90",2024-12-22,"8E",17.70213,"NoFish","NoBirds","NoBirds NoFish","Year2","2024-12-22",2.87368497132268,13.97,NA,"12/22/2024",0.42,10.65,0.02,-84.5,NA,3686.010851,82,6724,11.615,1.07708333333333,"Post"
"91",2025-01-10,"1C",9.2526,"Fish","Birds","Birds Fish","Year2","2025-01-10",2.22490459310953,20.32,8.81,"1/9/2025",0.39,8.87,0.02,-118.3,NA,2727.64803,101,10201,10.7908333333333,9.56416666666667,"Post"
"92",2025-01-10,"1E",11.3483,"Fish","NoBirds","NoBirds Fish","Year2","2025-01-10",2.42906795297362,20.32,8.4,"1/9/2025",0.39,6.53,0.02,-117.6,NA,4840.960918,101,10201,10.6158333333333,9.63666666666667,"Post"
"93",2025-01-10,"2C",12.72551,"NoFish","Birds","Birds NoFish","Year2","2025-01-10",2.54360864021892,22.86,3.34,"1/9/2025",0.28,1.11,0.02,-95.6,NA,479.1814107,101,10201,10.7591666666667,9.96541666666667,"Post"
"94",2025-01-10,"2E",14.687315,"NoFish","NoBirds","NoBirds NoFish","Year2","2025-01-10",2.68698419608037,20.32,5.9,"1/9/2025",0.36,6.96,0.02,-117.6,NA,1658.704883,101,10201,10.6491666666667,8.90083333333333,"Post"
"95",2025-01-10,"3C",7.89463,"NoFish","Birds","Birds NoFish","Year2","2025-01-10",2.06618278150491,22.86,5.06,"1/9/2025",0.38,6.83,0.02,-108.9,NA,6516.867186,101,10201,10.7525,8.67791666666667,"Post"
"96",2025-01-10,"3E",85.72054,"NoFish","NoBirds","NoBirds NoFish","Year2","2025-01-10",4.45109247016556,20.32,3.55,"1/9/2025",0.38,3.5,0.02,-98.5,NA,405.4611937,101,10201,10.6508333333333,9.44291666666667,"Post"
"97",2025-01-10,"4C",75.279275,"Fish","Birds","Birds Fish","Year2","2025-01-10",4.32120486451874,25.4,3.92,"1/9/2025",0.37,9.78,0.02,-113.6,NA,1941.299049,101,10201,10.7508333333333,9.715,"Post"
"98",2025-01-10,"4E",48.075075,"Fish","NoBirds","NoBirds Fish","Year2","2025-01-10",3.87276385153603,25.4,8.43,"1/9/2025",0.41,9.32,0.02,-109.5,NA,5511.463845,101,10201,10.5883333333333,9.63458333333333,"Post"
"99",2025-01-10,"5C",22.92824,"NoFish","Birds","Birds NoFish","Year2","2025-01-10",3.13236933858162,27.94,7.99,"1/9/2025",0.4,4.46,0.02,-113.5,NA,2430.036784,101,10201,10.8691666666667,9.565,"Post"
"100",2025-01-10,"5E",5.728575,"NoFish","NoBirds","NoBirds NoFish","Year2","2025-01-10",1.74546680869841,22.86,8.55,"1/9/2025",0.4,3.51,0.02,-110.9,NA,1739.041017,101,10201,10.6975,9.61541666666667,"Post"
"101",2025-01-10,"6C",22.86962,"Fish","Birds","Birds Fish","Year2","2025-01-10",3.12980939224295,25.4,11.07,"1/9/2025",0.36,14.89,0.02,-118.9,NA,81.91135226,101,10201,10.7408333333333,10.02375,"Post"
"102",2025-01-10,"6E",24.34446,"Fish","NoBirds","NoBirds Fish","Year2","2025-01-10",3.19230430824263,22.86,7.79,"1/9/2025",0.34,3.62,0.02,-122.4,NA,122.8670284,101,10201,10.5741666666667,5.41666666666667,"Post"
"103",2025-01-10,"7C",37.033665,"Fish","Birds","Birds Fish","Year2","2025-01-10",3.61182736383296,25.4,10.14,"1/9/2025",0.41,13.09,0.02,-106.4,NA,208.8739483,101,10201,10.79,9.85083333333333,"Post"
"104",2025-01-10,"7E",38.84818,"Fish","NoBirds","NoBirds Fish","Year2","2025-01-10",3.65966122886946,27.94,10.49,"1/9/2025",0.34,8.2,0.02,-109.9,NA,330.2665724,101,10201,10.6516666666667,6.15833333333333,"Post"
"105",2025-01-10,"8C",29.23967,"NoFish","Birds","Birds NoFish","Year2","2025-01-10",3.37552634890818,22.86,10.29,"1/9/2025",0.34,1.22,0.02,-137.7,NA,3580.696256,101,10201,10.6041666666667,8.88083333333333,"Post"
"106",2025-01-10,"8E",8.37839,"NoFish","NoBirds","NoBirds NoFish","Year2","2025-01-10",2.12565577193078,7.62,3.66,"1/9/2025",0.34,1.01,0.02,-102.4,NA,4774.261675,101,10201,10.5316666666667,7.77458333333333,"Post"
"107",2025-01-21,"1C",6.70643,"Fish","Birds","Birds Fish","Year2","2025-01-21",1.90306676767041,22.86,NA,"1/22/2025",0.33,4.51,0.02,-154.3,NA,3268.262956,112,12544,8.52,9.87541666666667,"Post"
"108",2025-01-21,"1E",9.61992,"Fish","NoBirds","NoBirds Fish","Year2","2025-01-21",2.26383594863472,21.59,NA,"1/22/2025",0.33,5.23,0.02,-140.1,NA,6167.924825,112,12544,8.67333333333333,4.9275,"Post"
"109",2025-01-21,"2C",20.40663,"NoFish","Birds","Birds NoFish","Year2","2025-01-21",3.01585984804911,22.86,NA,"1/22/2025",0.36,5.61,0.02,-140.2,NA,1290.103798,112,12544,8.79083333333333,10.6420833333333,"Post"
"110",2025-01-21,"2E",84.87474,"NoFish","NoBirds","NoBirds NoFish","Year2","2025-01-21",4.44117652254574,27.94,NA,"1/22/2025",0.4,7.44,0.02,-143.6,NA,2562.655163,112,12544,8.45416666666667,8.49125,"Post"
"111",2025-01-21,"3C",8.69147,"NoFish","Birds","Birds NoFish","Year2","2025-01-21",2.16234208492534,25.4,NA,"1/22/2025",0.37,4.57,0.02,-137.8,NA,4349.492805,112,12544,8.6475,8.88083333333333,"Post"
"112",2025-01-21,"3E",7.69319,"NoFish","NoBirds","NoBirds NoFish","Year2","2025-01-21",2.04033552194901,27.94,NA,"1/22/2025",0.33,2.82,0.02,NA,NA,1419.114178,112,12544,8.6425,9.94333333333333,"Post"
"113",2025-01-21,"4C",12.8917,"Fish","Birds","Birds Fish","Year2","2025-01-21",2.55658369343732,29.21,NA,"1/22/2025",0.35,4.5,0.02,NA,NA,7175.434457,112,12544,8.80416666666667,10.485,"Post"
"114",2025-01-21,"4E",5.985555,"Fish","NoBirds","NoBirds Fish","Year2","2025-01-21",1.78934906654018,22.86,NA,"1/22/2025",0.42,9.64,0.02,-142.2,NA,602.0484391,112,12544,8.39916666666667,9.2725,"Post"
"115",2025-01-21,"5C",5.46362,"NoFish","Birds","Birds NoFish","Year2","2025-01-21",1.69811157372999,26.67,NA,"1/22/2025",0.38,4.08,0.02,-143.1,NA,970.6495243,112,12544,8.70416666666667,10.3491666666667,"Post"
"116",2025-01-21,"5E",3.21248,"NoFish","NoBirds","NoBirds NoFish","Year2","2025-01-21",1.16704322452102,25.4,NA,"1/22/2025",0.39,14.55,0.02,-118.8,NA,819.1135226,112,12544,8.67583333333333,10.2558333333333,"Post"
"117",2025-01-21,"6C",63.97686,"Fish","Birds","Birds Fish","Year2","2025-01-21",4.15852145548019,25.4,NA,"1/22/2025",0.31,5.86,0.02,-140.2,NA,645.051899,112,12544,8.8025,10.25125,"Post"
"118",2025-01-21,"7C",4.87368,"Fish","Birds","Birds Fish","Year2","2025-01-21",1.58384929855443,30.48,NA,"1/22/2025",NA,NA,0.02,-121.7,NA,90.10248748,112,12544,8.56583333333333,10.6979166666667,"Post"
"119",2025-01-21,"7E",6.303245,"Fish","NoBirds","NoBirds Fish","Year2","2025-01-21",1.84106458015472,25.4,NA,"1/22/2025",0.34,9.51,0.02,-114.4,NA,228.1816241,112,12544,8.61666666666667,3.32,"Post"
"120",2025-01-21,"8C",4.057845,"NoFish","Birds","Birds NoFish","Year2","2025-01-21",1.40065204451839,27.94,NA,"1/22/2025",0.34,6,0.02,-127.8,NA,8698.98561,112,12544,8.56,9.80708333333333,"Post"
"121",2025-02-05,"1C",110.80762,"Fish","Birds","Birds Fish","Year2","2025-02-05",4.70779554451164,27.94,4.08,"2/4/2025",0.4,6.87,0.02,-192.3,NA,442.3213022,127,16129,9.97916666666667,8.67,"Post"
"122",2025-02-05,"1E",4.73684,"Fish","NoBirds","NoBirds Fish","Year2","2025-02-05",1.55537024671928,25.4,2.99,"2/4/2025",0.35,3.17,0.02,-196.7,NA,2506.487379,127,16129,10.0739130434783,8.62695652173913,"Post"
"123",2025-02-05,"2C",10.80629,"NoFish","Birds","Birds NoFish","Year2","2025-02-05",2.38012837200421,25.4,0.63,"2/4/2025",0.32,3.92,0.02,-156.4,NA,982.9362271,127,16129,10.4558333333333,10.1945833333333,"Post"
"124",2025-02-05,"2E",4.557765,"NoFish","NoBirds","NoBirds NoFish","Year2","2025-02-05",1.5168323717936,27.94,3.17,"2/4/2025",0.41,3.86,0.02,-105,NA,516.0415192,127,16129,10.2358333333333,8.20875,"Post"
"125",2025-02-05,"3C",4.18009,"NoFish","Birds","Birds NoFish","Year2","2025-02-05",1.43033277740535,27.94,2.01,"2/4/2025",0.38,6.89,0.02,-115.2,NA,5602.736494,127,16129,10.3608333333333,9.92,"Post"
"126",2025-02-05,"3E",25.242835,"NoFish","NoBirds","NoBirds NoFish","Year2","2025-02-05",3.22854235307697,25.4,2.05,"2/4/2025",0.42,4.46,0.02,-150.1,NA,NA,127,16129,10.3325,10.1333333333333,"Post"
"127",2025-02-05,"4C",7.39673,"Fish","Birds","Birds Fish","Year2","2025-02-05",2.00103801065524,30.48,0.96,"2/4/2025",0.4,7.63,0.02,-140.4,NA,5455.29606,127,16129,10.1933333333333,10.55625,"Post"
"128",2025-02-05,"4E",7.39667,"Fish","NoBirds","NoBirds Fish","Year2","2025-02-05",2.00102989892974,27.94,3.39,"2/4/2025",0.37,6.75,0.02,-128.7,NA,761.775576,127,16129,9.83826086956522,9.68217391304348,"Post"
"129",2025-02-05,"5C",23.50263,"NoFish","Birds","Birds NoFish","Year2","2025-02-05",3.15711232978173,35.56,1.4,"2/4/2025",0.38,5,0.02,-163.6,NA,1916.725643,127,16129,9.97666666666667,10.0179166666667,"Post"
"130",2025-02-05,"5E",2.868855,"NoFish","NoBirds","NoBirds NoFish","Year2","2025-02-05",1.0539129954641,27.94,1.21,"2/4/2025",0.33,3.15,0.02,-168.7,NA,2752.221436,127,16129,10.0583333333333,10.4091666666667,"Post"
"131",2025-02-05,"6C",10.794765,"Fish","Birds","Birds Fish","Year2","2025-02-05",2.37906129439216,25.4,3.21,"2/4/2025",0.34,4.1,0.02,-150.6,NA,1179.523473,127,16129,9.345,10.69125,"Post"
"132",2025-02-05,"6E",20.75994,"Fish","NoBirds","NoBirds Fish","Year2","2025-02-05",3.0330251681201,27.94,2.77,"2/4/2025",0.38,5.66,0.02,-150.3,NA,1400.684124,127,16129,9.91166666666667,5.65041666666667,"Post"
"133",2025-02-05,"7C",2.899075,"Fish","Birds","Birds Fish","Year2","2025-02-05",1.06439172059487,33.02,3.82,"2/4/2025",0.39,7.97,0.02,-137.9,NA,3004.098845,127,16129,9.925,10.5254166666667,"Post"
"134",2025-02-05,"7E",9.457215,"Fish","NoBirds","NoBirds Fish","Year2","2025-02-05",2.24677794225734,33.02,2.99,"2/4/2025",0.38,11.11,0.02,-136.6,NA,2088.739483,127,16129,10.1333333333333,9.21708333333333,"Post"
"135",2025-02-05,"8C",140.65581,"NoFish","Birds","Birds NoFish","Year2","2025-02-05",4.94631584229458,30.48,4.37,"2/4/2025",0.39,4.64,0.02,-170.7,NA,835.495793,127,16129,10.2291666666667,9.34041666666667,"Post"
"136",2025-02-05,"8E",11.310435,"NoFish","NoBirds","NoBirds NoFish","Year2","2025-02-05",2.42572575092686,15.24,1.72,"2/4/2025",0.37,3.41,0.02,-132,NA,245.7340568,127,16129,10.155652173913,6.89260869565217,"Post"
"137",2025-02-19,"1C",16.234085,"Fish","Birds","Birds Fish","Year2","2025-02-19",2.78711304424988,24.13,NA,"2/18/2025",0.37,10.3,0.02,-121.5,NA,98.29362271,141,19881,12.9384615384615,2.93769230769231,"Post"
"138",2025-02-19,"1E",16.104025,"Fish","NoBirds","NoBirds Fish","Year2","2025-02-19",2.77906924074562,22.86,NA,"2/18/2025",0.38,3.2,0.02,-104.5,NA,491.4681135,141,19881,13.3042857142857,2.70642857142857,"Post"
"139",2025-02-19,"2C",14.834665,"NoFish","Birds","Birds NoFish","Year2","2025-02-19",2.69696667175542,22.86,NA,"2/18/2025",0.33,5.4,0.02,-91.8,NA,1556.315693,141,19881,13.1842857142857,7.90928571428571,"Post"
"140",2025-02-19,"2E",16.51259,"NoFish","NoBirds","NoBirds NoFish","Year2","2025-02-19",2.80412312024994,22.86,NA,"2/18/2025",0.34,1.4,0.02,-111.4,NA,1867.578831,141,19881,13.0938461538462,2.17846153846154,"Post"
"141",2025-02-19,"3C",12.23233,"NoFish","Birds","Birds NoFish","Year2","2025-02-19",2.50408244668012,25.4,NA,"2/18/2025",0.34,2.2,0.02,-95.9,NA,196.5872454,141,19881,13.3142857142857,7.37928571428571,"Post"
"142",2025-02-19,"3E",261.204086666667,"NoFish","NoBirds","NoBirds NoFish","Year2","2025-02-19",5.5653020430175,22.86,NA,"2/18/2025",0.34,7.6,0.02,-112.7,NA,491.4681135,141,19881,13.14,8.07076923076923,"Post"
"143",2025-02-19,"4C",14.96793,"Fish","Birds","Birds Fish","Year2","2025-02-19",2.70590991231735,27.94,NA,"2/18/2025",0.39,2.2,0.02,-122.2,NA,1123.355688,141,19881,13.1815384615385,8.71153846153846,"Post"
"144",2025-02-19,"4E",9.15976,"Fish","NoBirds","NoBirds Fish","Year2","2025-02-19",2.21481997746943,25.4,NA,"2/18/2025",0.35,5.4,0.02,-114.8,NA,638.9085477,141,19881,13.0184615384615,4.33692307692308,"Post"
"145",2025-02-19,"5C",15.4156,"NoFish","Birds","Birds NoFish","Year2","2025-02-19",2.73537998370745,25.4,NA,"2/18/2025",0.39,8.5,0.02,-117.1,NA,294.8808681,141,19881,13.0476923076923,8.94615384615385,"Post"
"146",2025-02-19,"5E",98.68194,"NoFish","NoBirds","NoBirds NoFish","Year2","2025-02-19",4.59190195097338,27.94,NA,"2/18/2025",0.35,2,0.02,-62.4,NA,933.7894157,141,19881,13.1066666666667,8.95416666666667,"Post"
"147",2025-02-19,"6C",14.201295,"Fish","Birds","Birds Fish","Year2","2025-02-19",2.6533331576321,27.94,NA,"2/18/2025",0.43,16.4,0.02,-118.8,NA,491.4681135,141,19881,NA,NA,"Post"
"148",2025-02-19,"6E",43.12361,"Fish","NoBirds","NoBirds Fish","Year2","2025-02-19",3.76407064294801,27.94,NA,"2/18/2025",0.41,10.2,0.02,-114.8,NA,344.0276795,141,19881,13.0523076923077,5.24846153846154,"Post"
"149",2025-02-19,"7C",20.11717,"Fish","Birds","Birds Fish","Year2","2025-02-19",3.00157367927493,30.48,NA,"2/18/2025",0.35,7.5,0.02,-88,NA,1130.376661,141,19881,13.0083333333333,9.09166666666667,"Post"
"150",2025-02-19,"7E",27.244275,"Fish","NoBirds","NoBirds Fish","Year2","2025-02-19",3.30484340729377,29.21,NA,"2/18/2025",0.38,13.3,0.02,-90,NA,140.419461,141,19881,13.1516666666667,6.6675,"Post"
"151",2025-02-19,"8C",23.572485,"NoFish","Birds","Birds NoFish","Year2","2025-02-19",3.16008014202278,29.21,NA,"2/18/2025",0.41,5.6,0.02,-99.5,NA,544.1254114,141,19881,13.04,6.38916666666667,"Post"
"152",2025-02-19,"8E",15.965585,"NoFish","NoBirds","NoBirds NoFish","Year2","2025-02-19",2.77043546815123,20.32,NA,"2/18/2025",0.39,18,0.02,-79.8,NA,368.6010852,141,19881,13.1907692307692,0.63,"Post"
"153",2025-02-20,"8C",77.1101033333333,"NoFish","Birds","Birds NoFish","Year2","2025-02-20",4.34523431392092,NA,NA,NA,NA,NA,NA,NA,NA,NA,142,20164,NA,NA,"Post"
"154",2025-02-20,"8E",27.0796175,"NoFish","NoBirds","NoBirds NoFish","Year2","2025-02-20",3.29878132312896,NA,NA,NA,NA,NA,NA,NA,NA,NA,142,20164,NA,NA,"Post"
"155",2025-02-21,"5C",77.4641633333333,"NoFish","Birds","Birds NoFish","Year2","2025-02-21",4.34981542081332,NA,NA,NA,NA,NA,NA,-48.3,NA,NA,143,20449,NA,NA,"Post"
"156",2025-02-21,"5E",34.222665,"NoFish","NoBirds","NoBirds NoFish","Year2","2025-02-21",3.53288814386534,NA,NA,NA,NA,NA,NA,-59.2,NA,NA,143,20449,NA,NA,"Post"
"157",2025-02-21,"6C",486.2426,"Fish","Birds","Birds Fish","Year2","2025-02-21",6.18670767630786,NA,NA,NA,NA,NA,NA,-86.5,NA,NA,143,20449,NA,NA,"Post"
"158",2025-02-21,"6E",435.489135,"Fish","NoBirds","NoBirds Fish","Year2","2025-02-21",6.0764698476461,NA,NA,NA,NA,NA,NA,-69.6,NA,NA,143,20449,NA,NA,"Post"
"159",2025-02-21,"7C",89.08003,"Fish","Birds","Birds Fish","Year2","2025-02-21",4.48953517916504,NA,NA,NA,NA,NA,NA,-62.5,NA,NA,143,20449,NA,NA,"Post"
"160",2025-02-21,"7E",139.05265,"Fish","NoBirds","NoBirds Fish","Year2","2025-02-21",4.93485263839122,NA,NA,NA,NA,NA,NA,-87.9,NA,NA,143,20449,NA,NA,"Post"
"161",2025-02-21,"8C",41.1598775,"NoFish","Birds","Birds NoFish","Year2","2025-02-21",3.71746393477094,NA,NA,NA,NA,NA,NA,-55.6,NA,NA,143,20449,NA,NA,"Post"
"162",2025-02-21,"8E",33.22704,"NoFish","NoBirds","NoBirds NoFish","Year2","2025-02-21",3.50336400226297,NA,NA,NA,NA,NA,NA,-88.7,NA,NA,143,20449,NA,NA,"Post"
"163",2025-02-22,"4C",3732.84298,"Fish","Birds","Birds Fish","Year2","2025-02-22",8.22492541534576,NA,NA,NA,NA,NA,NA,NA,NA,NA,144,20736,NA,NA,"Post"
"164",2025-02-22,"4E",157.5496,"Fish","NoBirds","NoBirds Fish","Year2","2025-02-22",5.05974032932351,NA,NA,NA,NA,NA,NA,NA,NA,NA,144,20736,NA,NA,"Post"
"165",2025-02-22,"5C",80.576255,"NoFish","Birds","Birds NoFish","Year2","2025-02-22",4.38920400313093,NA,NA,NA,NA,NA,NA,NA,NA,NA,144,20736,NA,NA,"Post"
"166",2025-02-22,"5E",114.606855,"NoFish","NoBirds","NoBirds NoFish","Year2","2025-02-22",4.74150761924562,NA,NA,NA,NA,NA,NA,NA,NA,NA,144,20736,NA,NA,"Post"
"167",2025-02-22,"6C",1043.36664,"Fish","Birds","Birds Fish","Year2","2025-02-22",6.95020791767923,NA,NA,NA,NA,NA,NA,NA,NA,NA,144,20736,NA,NA,"Post"
"168",2025-02-22,"6E",660.11354,"Fish","NoBirds","NoBirds Fish","Year2","2025-02-22",6.49241185052799,NA,NA,NA,NA,NA,NA,NA,NA,NA,144,20736,NA,NA,"Post"
"169",2025-02-22,"7C",203.628135,"Fish","Birds","Birds Fish","Year2","2025-02-22",5.31629546275213,NA,NA,NA,NA,NA,NA,NA,NA,NA,144,20736,NA,NA,"Post"
"170",2025-02-22,"7E",25.40284,"Fish","NoBirds","NoBirds Fish","Year2","2025-02-22",3.23486097879773,NA,NA,NA,NA,NA,NA,NA,NA,NA,144,20736,NA,NA,"Post"
"171",2025-02-22,"8C",773.73,"NoFish","Birds","Birds NoFish","Year2","2025-02-22",6.65122297552257,NA,NA,NA,NA,NA,NA,NA,NA,NA,144,20736,NA,NA,"Post"
"172",2025-02-22,"8E",42.69505,"NoFish","NoBirds","NoBirds NoFish","Year2","2025-02-22",3.7540829884562,NA,NA,NA,NA,NA,NA,NA,NA,NA,144,20736,NA,NA,"Post"
